id,first_name,last_name,email,gender,ip_address
1,Eba,Hammerson,ehammerson0@guardian.co.uk,Female,39.108.179.177
2,Culley,Faro,cfaro1@bigcartel.com,Male,249.5.140.204
3,Eddy,Chainey,echainey2@amazon.com,Male,61.63.241.85
4,Kaitlin,Asprey,kasprey3@1und1.de,Female,98.229.174.169
5,Bertha,Giraldez,bgiraldez4@shutterfly.com,Female,213.242.165.159
6,Alexio,MacGauhy,amacgauhy5@google.cn,Male,221.254.246.156
7,Adler,Raynard,araynard6@comsenz.com,Male,33.64.163.231
8,Corny,Milhench,cmilhench7@reddit.com,Male,25.245.107.73
9,Claudetta,Bool,cbool8@imgur.com,Bigender,12.167.140.17
10,Marylin,Bruggen,mbruggen9@ftc.gov,Genderqueer,178.116.13.46
11,Vachel,Dalzell,vdalzella@freewebs.com,Genderfluid,152.77.229.182
